{"version": 1, "notes": "", "documentation": "\"This file is a QMK Configurator export. You can import this at <https://config.qmk.fm>. It can also be used directly with QMK's source code.\n\nTo setup your QMK environment check out the tutorial: <https://docs.qmk.fm/#/newbs>\n\nYou can convert this file to a keymap.c using this command: `qmk json2c {keymap}`\n\nYou can compile this keymap using this command: `qmk compile {keymap}`\"\n", "keyboard": "40percentclub/gherkin", "keymap": "layout_ortho_3x10_mine", "layout": "LAYOUT_ortho_3x10", "layers": [["KC_Q", "KC_W", "KC_E", "KC_R", "KC_T", "KC_Y", "KC_U", "KC_I", "KC_O", "KC_P", "LSFT(KC_A)", "KC_S", "KC_D", "KC_F", "KC_G", "KC_H", "KC_J", "KC_K", "KC_L", "KC_ESC", "LCTL_T(KC_Z)", "LALT_T(KC_X)", "LT(3,KC_C)", "LT(4,KC_V)", "LT(2,KC_BSPC)", "LT(1,KC_SPC)", "LT(5,KC_B)", "RALT_T(KC_N)", "RCTL_T(KC_M)", "RSFT_T(KC_ENT)"], ["KC_1", "KC_2", "KC_3", "KC_4", "KC_5", "KC_6", "KC_7", "KC_8", "KC_9", "KC_0", "KC_F1", "KC_F2", "KC_F3", "KC_F4", "KC_F5", "KC_F6", "KC_F7", "KC_F8", "KC_F9", "KC_F10", "KC_TRNS", "KC_TRNS", "KC_TRNS", "KC_TRNS", "KC_DEL", "KC_TRNS", "KC_TRNS", "KC_TRNS", "KC_TRNS", "KC_TRNS"], ["KC_EXLM", "KC_AT", "KC_HASH", "KC_DLR", "KC_PERC", "KC_CIRC", "KC_AMPR", "KC_ASTR", "KC_LPRN", "KC_RPRN", "KC_F11", "KC_F12", "KC_TRNS", "KC_TRNS", "KC_TRNS", "KC_TRNS", "KC_TRNS", "KC_TRNS", "KC_TRNS", "KC_GRV", "KC_TRNS", "KC_TRNS", "KC_TRNS", "KC_TRNS", "KC_TRNS", "KC_TRNS", "KC_TRNS", "KC_TRNS", "KC_TRNS", "KC_TRNS"], ["KC_TRNS", "KC_TRNS", "KC_TRNS", "KC_TRNS", "KC_TRNS", "KC_MINS", "KC_EQL", "KC_LBRC", "KC_RBRC", "KC_BSLS", "KC_TAB", "KC_TRNS", "KC_TRNS", "KC_TRNS", "KC_TRNS", "KC_COMM", "KC_DOT", "KC_SLSH", "KC_SCLN", "KC_QUOT", "KC_TRNS", "KC_TRNS", "KC_TRNS", "KC_TRNS", "KC_TRNS", "KC_TRNS", "KC_LEFT", "KC_DOWN", "KC_UP", "KC_RGHT"], ["KC_TRNS", "KC_TRNS", "KC_TRNS", "KC_TRNS", "KC_TRNS", "KC_UNDS", "KC_PLUS", "KC_LCBR", "KC_RCBR", "KC_PIPE", "KC_TAB", "KC_TRNS", "KC_TRNS", "KC_TRNS", "KC_TRNS", "KC_LT", "KC_GT", "KC_QUES", "KC_COLN", "KC_DQUO", "KC_TRNS", "KC_TRNS", "KC_TRNS", "KC_TRNS", "KC_TRNS", "KC_TRNS", "KC_HOME", "KC_PGDN", "KC_PGUP", "KC_END"], ["KC_CALC", "KC_WHOM", "KC_MAIL", "KC_MYCM", "KC_TRNS", "KC_TRNS", "KC_TRNS", "KC_TRNS", "KC_TRNS", "KC_PSCR", "KC_TRNS", "KC_TRNS", "KC_TRNS", "KC_TRNS", "KC_TRNS", "KC_TRNS", "KC_TRNS", "KC_TRNS", "BL_DEC", "BL_INC", "KC_TRNS", "KC_TRNS", "KC_TRNS", "KC_TRNS", "QK_BOOT", "KC_TRNS", "KC_TRNS", "KC_TRNS", "KC_TRNS", "KC_TRNS"]], "author": ""}
